Page,Job URLs Found,Rows Added,Timestamp
8501,35,61,2026-09-28T16:55:59
8502,35,48,2026-09-28T16:57:05
8503,35,59,2026-09-28T16:58:08
8504,35,51,2026-09-28T16:59:07
8505,35,71,2026-09-28T17:00:07
8506,35,91,2026-09-28T17:01:08
8507,35,53,2026-09-28T17:02:07
8508,35,42,2026-09-28T17:03:05
8509,35,78,2026-09-28T17:04:04
8510,35,50,2026-09-28T17:04:59
8511,35,60,2026-09-28T17:05:57
8512,35,44,2026-09-28T17:06:51
8513,35,60,2026-09-28T17:07:48
8514,35,51,2026-09-28T17:08:46
8515,35,52,2026-09-28T17:09:44
